Ref,Val,Package,PosX,PosY,Rot,Side
"C1","0.1uF","C_0805_2012Metric_Pad1.18x1.45mm_HandSolder",128.180000,-77.430000,180.000000,top
"C2","0.1uF","C_0805_2012Metric_Pad1.18x1.45mm_HandSolder",143.500000,-78.500000,0.000000,top
"C3","0.1uF","C_0805_2012Metric_Pad1.18x1.45mm_HandSolder",141.717500,-90.930000,0.000000,top
"C4","0.1uF","C_0805_2012Metric_Pad1.18x1.45mm_HandSolder",131.180000,-94.467500,-90.000000,top
"C6","0.1uF","C_0805_2012Metric_Pad1.18x1.45mm_HandSolder",110.500000,-89.500000,-90.000000,top
"C7","2.2uF","C_0805_2012Metric_Pad1.18x1.45mm_HandSolder",136.717500,-93.930000,0.000000,top
"C8","0.1uF","C_0805_2012Metric_Pad1.18x1.45mm_HandSolder",148.680000,-103.967500,90.000000,top
"C9","10uF","CP_EIA-6032-28_Kemet-C_HandSolder",111.000000,-81.000000,90.000000,top
"C13","0.1uF","C_0805_2012Metric_Pad1.18x1.45mm_HandSolder",115.642500,-113.430000,180.000000,top
"C14","0.1uF","C_0805_2012Metric_Pad1.18x1.45mm_HandSolder",124.180000,-104.930000,90.000000,top
"C15","10uF","C_0805_2012Metric_Pad1.18x1.45mm_HandSolder",120.142500,-113.430000,0.000000,top
"C16","10uF","C_0805_2012Metric_Pad1.18x1.45mm_HandSolder",124.180000,-110.392500,-90.000000,top
"C17","0.1uF","C_0805_2012Metric_Pad1.18x1.45mm_HandSolder",148.980000,-113.130000,-90.000000,top
"C18","10uF","C_0805_2012Metric_Pad1.18x1.45mm_HandSolder",151.180000,-112.967500,-90.000000,top
"C19","22p","C_0805_2012Metric_Pad1.18x1.45mm_HandSolder",125.000000,-83.000000,90.000000,top
"C20","22p","C_0805_2012Metric_Pad1.18x1.45mm_HandSolder",118.000000,-83.000000,-90.000000,top
"C21","0.01uF","C_0805_2012Metric_Pad1.18x1.45mm_HandSolder",123.037500,-77.500000,0.000000,top
"C22","0.1uF","C_0805_2012Metric_Pad1.18x1.45mm_HandSolder",136.980000,-115.430000,-90.000000,top
"C23","10uF","C_0805_2012Metric_Pad1.18x1.45mm_HandSolder",136.980000,-110.930000,90.000000,top
"C24","0.1uF","C_0805_2012Metric_Pad1.18x1.45mm_HandSolder",127.142500,-90.930000,180.000000,top
"C25","10uF","C_0805_2012Metric_Pad1.18x1.45mm_HandSolder",119.462500,-102.000000,180.000000,top
"C26","0.1uF","C_0805_2012Metric_Pad1.18x1.45mm_HandSolder",113.180000,-89.537500,90.000000,top
"D1","WS2812B","LED_WS2812B_PLCC4_5.0x5.0mm_P3.2mm",118.730000,-89.580000,0.000000,top
"D2","USB_LED","LED_0805_2012Metric_Pad1.15x1.40mm_HandSolder",162.155000,-92.930000,0.000000,top
"D3","3V3_LED","LED_0805_2012Metric_Pad1.15x1.40mm_HandSolder",129.180000,-108.455000,-90.000000,top
"D4","USER_LED","LED_0805_2012Metric_Pad1.15x1.40mm_HandSolder",136.680000,-101.430000,180.000000,top
"D5","5V_LED","LED_0805_2012Metric_Pad1.15x1.40mm_HandSolder",150.255000,-120.350000,0.000000,top
"F1","PTCSMD","Fuse_1812_4532Metric",157.542500,-89.430000,180.000000,top
"H1","M2","MountingHole_2.2mm_M2",99.500000,-123.500000,0.000000,top
"H2","M2","MountingHole_2.2mm_M2",166.000000,-124.500000,0.000000,top
"H3","M2","MountingHole_2.2mm_M2",98.500000,-57.500000,0.000000,top
"H4","M2","MountingHole_2.2mm_M2",166.000000,-57.500000,0.000000,top
"J1","Conn_01x04","PinHeader_1x04_P2.54mm_Vertical",165.500000,-65.960000,0.000000,top
"J2","CONN_MPU6050","PinSocket_1x08_P2.54mm_Vertical",133.180000,-63.930000,-90.000000,top
"J3","USB_C_Receptacle_USB2.0_14P","USB_C_Receptacle_HCTL_HC-TYPE-C-16P-01A",166.425000,-82.680000,90.000000,top
"J4","ESP_Conn","PinSocket_2x04_P2.54mm_Vertical",158.546000,-59.086000,-90.000000,top
"J5","BATT_CONN","JST_XH_B2B-XH-A_1x02_P2.50mm_Vertical",166.180000,-111.930000,-90.000000,top
"J6","M1_CONN","JST_XH_B2B-XH-A_1x02_P2.50mm_Vertical",137.430000,-123.905000,0.000000,top
"J7","M2_CONN","JST_XH_B2B-XH-A_1x02_P2.50mm_Vertical",119.000000,-56.500000,0.000000,top
"J8","ENCODER_CONN","JST_XH_B4B-XH-A_1x04_P2.50mm_Vertical",138.000000,-57.500000,0.000000,top
"J9","MT6701_CONN","JST_XH_B5B-XH-A_1x05_P2.50mm_Vertical",143.155000,-106.430000,90.000000,top
"R1","1k","R_0805_2012Metric_Pad1.20x1.40mm_HandSolder",162.180000,-95.380000,180.000000,top
"R2","10k","R_0805_2012Metric_Pad1.20x1.40mm_HandSolder",135.630000,-74.430000,180.000000,top
"R3","22R","R_0805_2012Metric_Pad1.20x1.40mm_HandSolder",146.180000,-82.930000,180.000000,top
"R4","22R","R_0805_2012Metric_Pad1.20x1.40mm_HandSolder",146.180000,-80.930000,180.000000,top
"R6","1k","R_0805_2012Metric_Pad1.20x1.40mm_HandSolder",126.680000,-108.430000,90.000000,top
"R7","5.1k","R_0603_1608Metric_Pad0.98x0.95mm_HandSolder",157.592500,-86.430000,0.000000,top
"R8","5.1k","R_0603_1608Metric_Pad0.98x0.95mm_HandSolder",158.267500,-78.930000,180.000000,top
"R9","1k","R_0805_2012Metric_Pad1.20x1.40mm_HandSolder",136.680000,-98.930000,0.000000,top
"R10","1k","R_0805_2012Metric_Pad1.20x1.40mm_HandSolder",150.180000,-117.930000,180.000000,top
"R17","10k","R_0805_2012Metric_Pad1.20x1.40mm_HandSolder",154.500000,-62.000000,180.000000,top
"S3","REGULATOR_SWITCH","SW_SLW-66527511-SMT-TR",130.180000,-113.930000,180.000000,top
"S4","RST_SWITCH","SW_SLW-66527511-SMT-TR",137.930000,-69.855000,180.000000,top
"SW2","SW_uP_Reset","SW_uP_Reset",118.030000,-73.430000,0.000000,top
"U1","STM32F401RBTx","LQFP-64_10x10mm_P0.5mm",134.855000,-84.180000,0.000000,top
"U2","TB6612FNG","SSOP-24_5.3x8.2mm_P0.65mm",104.575000,-87.000000,-90.000000,top
"U3","LD1117S50TR_SOT223","SOT-223-3_TabPin2",142.830000,-113.430000,180.000000,top
"U5","USBLC6-2SC6","SOT-23-6",151.137500,-82.980000,180.000000,top
"U6","LD1117S33TR_SOT223","SOT-223-3_TabPin2",118.530000,-108.430000,0.000000,top
"Y3","16MHz","Crystal_SMD_Abracon_ABM8G-4Pin_3.2x2.5mm",121.600000,-82.887500,180.000000,top
